unnamed_0;unnamed_1;unnamed_2;unnamed_3
;CODIGO SIAFI;DATA INICIO;DATA FIM
;9241504;2019-12-19 00:00:00;2023-06-30 00:00:00
;9241504;2019-12-19 00:00:00;2023-12-30 00:00:00
;9241504;2019-12-19 00:00:00;2024-02-29 00:00:00
;9256228;2020-07-20 00:00:00;2021-07-20 00:00:00
;9256229;2020-06-29 00:00:00;2022-05-31 00:00:00
;9256229;2020-06-29 00:00:00;2028-01-01 00:00:00
;9259519;2020-06-24 00:00:00;2022-07-24 00:00:00
;9259519;2020-06-24 00:00:00;2026-06-30 00:00:00
;9260642;2020-06-24 00:00:00;2026-06-30 00:00:00
;9260642;2020-07-29 00:00:00;2021-07-29 00:00:00
;9260670;2020-06-24 00:00:00;2023-07-31 00:00:00
;9261478;2020-06-24 00:00:00;2021-12-02 00:00:00
;9270218;2020-11-17 00:00:00;2023-04-30 00:00:00
;9270218;2020-11-17 00:00:00;2024-05-31 00:00:00
;9270221;2020-11-17 00:00:00;2023-04-30 00:00:00
;9270221;2020-11-17 00:00:00;2024-08-30 00:00:00
;9270222;2020-11-17 00:00:00;2023-05-31 00:00:00
;9270222;2020-11-17 00:00:00;2024-11-30 00:00:00
;9270222;2020-11-17 00:00:00;2025-05-31 00:00:00
;9287341;2021-06-28 00:00:00;2022-07-14 00:00:00
;9290319;2021-08-09 00:00:00;2022-03-17 00:00:00
;9290319;2021-08-09 00:00:00;2023-12-17 00:00:00
;9290319;2021-08-09 00:00:00;2026-12-31 00:00:00
;9290349;2021-08-09 00:00:00;2023-08-19 00:00:00
;9290349;2021-08-09 00:00:00;2024-08-19 00:00:00
;9290349;2021-08-09 00:00:00;2027-06-30 00:00:00
;9290581;2021-08-23 00:00:00;2022-08-23 00:00:00
;9290582;2021-08-09 00:00:00;2023-12-31 00:00:00
;9290582;2021-08-09 00:00:00;2026-12-31 00:00:00
;9290582;2021-08-23 00:00:00;2022-08-23 00:00:00
;9290583;2021-08-09 00:00:00;2023-12-31 00:00:00
;9291968;2021-07-06 00:00:00;2022-09-01 00:00:00
;9292026;2021-08-09 00:00:00;2023-08-31 00:00:00
;9292026;2021-08-09 00:00:00;2024-08-31 00:00:00
;9292026;2021-08-09 00:00:00;2026-12-31 00:00:00
;9292027;2021-08-09 00:00:00;2023-02-28 00:00:00
;9292027;2021-08-09 00:00:00;2024-01-30 00:00:00
;9292027;2021-08-09 00:00:00;2024-04-30 00:00:00
;9292804;2021-08-09 00:00:00;2023-09-15 00:00:00
;9292804;2021-08-09 00:00:00;2024-09-15 00:00:00
;9292804;2021-08-09 00:00:00;2026-12-31 00:00:00
;9292805;2021-08-09 00:00:00;2023-08-14 00:00:00
;9292805;2021-08-09 00:00:00;2024-08-13 00:00:00
;9292805;2021-08-09 00:00:00;2026-12-31 00:00:00
;9292879;2021-08-09 00:00:00;2026-12-31 00:00:00
;9292879;2021-09-20 00:00:00;2022-09-20 00:00:00
;9292882;2021-08-09 00:00:00;2023-03-17 00:00:00
;9292960;2021-09-17 00:00:00;2022-09-17 00:00:00
;9293680;2021-09-23 00:00:00;2023-10-06 00:00:00
;9293680;2021-09-23 00:00:00;2024-10-06 00:00:00
;9293680;2021-09-23 00:00:00;2026-12-31 00:00:00
;9293681;2021-09-23 00:00:00;2023-09-24 00:00:00
;9293681;2021-09-23 00:00:00;2024-09-25 00:00:00
;9293681;2021-09-23 00:00:00;2026-12-31 00:00:00
;9294166;2021-08-13 00:00:00;2022-08-13 00:00:00
;9294166;2021-08-13 00:00:00;2024-02-08 00:00:00
;9294166;2021-08-13 00:00:00;2024-12-31 00:00:00
;9294166;2021-08-13 00:00:00;2025-12-31 00:00:00
;9294166;2021-08-13 00:00:00;2026-12-31 00:00:00
;9294169;2021-08-02 00:00:00;2022-08-02 00:00:00
;9294170;2021-07-22 00:00:00;2024-02-08 00:00:00
;9294170;2021-07-22 00:00:00;2024-12-31 00:00:00
;9294170;2021-07-23 00:00:00;2022-07-23 00:00:00
;9294171;2021-07-23 00:00:00;2022-07-23 00:00:00
;9299436;2021-09-23 00:00:00;2023-10-26 00:00:00
;9299436;2021-09-23 00:00:00;2026-06-30 00:00:00
;9300477;2021-07-21 00:00:00;2022-07-21 00:00:00
;9301225;2021-09-23 00:00:00;2023-11-03 00:00:00
;9301225;2021-09-23 00:00:00;2026-12-31 00:00:00
;9301342;2021-10-08 00:00:00;2023-06-27 00:00:00
;9301342;2021-10-08 00:00:00;2024-06-18 00:00:00
;9301342;2021-10-08 00:00:00;2025-04-30 00:00:00
;9301344;2021-10-08 00:00:00;2023-06-27 00:00:00
;9301344;2021-10-08 00:00:00;2025-09-23 00:00:00
;9301346;2021-11-04 00:00:00;2022-11-04 00:00:00
;9301354;2021-09-27 00:00:00;2025-12-31 00:00:00
;9301354;2021-10-04 00:00:00;2022-10-04 00:00:00
;9301355;2021-06-30 00:00:00;2023-07-12 00:00:00
;9301355;2021-06-30 00:00:00;2024-12-31 00:00:00
;9301355;2021-06-30 00:00:00;2025-12-31 00:00:00
;9301355;2021-06-30 00:00:00;2026-12-31 00:00:00
;9301356;2021-07-05 00:00:00;2024-12-31 00:00:00
;9301356;2021-07-06 00:00:00;2022-07-06 00:00:00
;9301361;2021-09-23 00:00:00;2026-12-31 00:00:00
;9301361;2021-09-23 00:00:00;2028-01-01 00:00:00
;9301361;2021-11-04 00:00:00;2022-11-04 00:00:00
;9301362;2021-09-27 00:00:00;2026-06-30 00:00:00
;9301362;2021-11-04 00:00:00;2022-11-04 00:00:00
;9301363;2021-09-27 00:00:00;2026-06-30 00:00:00
;9301363;2021-11-04 00:00:00;2022-11-04 00:00:00
;9311551;2021-11-16 00:00:00;2022-11-16 00:00:00
;9313014;2021-11-18 00:00:00;2022-11-18 00:00:00
;9313015;2021-06-01 00:00:00;2026-12-31 00:00:00
;9313015;2021-11-18 00:00:00;2022-11-18 00:00:00
;9313016;2021-06-10 00:00:00;2026-12-31 00:00:00
;9313016;2021-11-18 00:00:00;2022-11-18 00:00:00
;9313017;2021-05-17 00:00:00;2022-11-18 00:00:00
;9313017;2021-05-17 00:00:00;2026-12-31 00:00:00
;9313095;2021-10-20 00:00:00;2023-10-20 00:00:00
;9313095;2021-10-20 00:00:00;2024-10-20 00:00:00
;9314583;2021-07-06 00:00:00;2026-12-31 00:00:00
;9314583;2021-11-23 00:00:00;2022-11-23 00:00:00
;9315157;2021-10-29 00:00:00;2023-04-30 00:00:00
;9315170;2021-10-29 00:00:00;2023-04-30 00:00:00
;9315267;2021-06-30 00:00:00;2026-12-31 00:00:00
;9315267;2021-12-01 00:00:00;2022-12-01 00:00:00
;9315341;2021-11-10 00:00:00;2026-12-31 00:00:00
;9315341;2021-12-02 00:00:00;2022-12-02 00:00:00
;9315350;2021-10-15 00:00:00;2023-06-30 00:00:00
;9315350;2021-10-15 00:00:00;2024-06-30 00:00:00
;9315350;2021-10-15 00:00:00;2025-06-30 00:00:00
;9315350;2021-10-15 00:00:00;2026-04-30 00:00:00
;9315350;2021-10-15 00:00:00;2026-12-30 00:00:00
;9315592;2021-10-13 00:00:00;2022-10-14 00:00:00
;9317024;2021-05-17 00:00:00;2023-12-02 00:00:00
;9317024;2021-05-17 00:00:00;2026-12-31 00:00:00
;9317028;2021-08-11 00:00:00;2023-12-02 00:00:00
;9317028;2021-08-11 00:00:00;2026-12-31 00:00:00
;9317299;2021-05-18 00:00:00;2023-12-02 00:00:00
;9317299;2021-05-18 00:00:00;2026-12-31 00:00:00
;9317306;2021-09-17 00:00:00;2023-12-16 00:00:00
;9317306;2021-09-17 00:00:00;2024-12-16 00:00:00
;9317306;2021-09-17 00:00:00;2026-12-31 00:00:00
;9317306;2021-09-17 00:00:00;2028-01-01 00:00:00
;9317307;2021-07-02 00:00:00;2026-06-30 00:00:00
;9317307;2021-12-16 00:00:00;2022-12-16 00:00:00
;9317308;2021-05-12 00:00:00;2026-12-31 00:00:00
;9317308;2021-12-16 00:00:00;2022-12-16 00:00:00
;9317482;2021-12-17 00:00:00;2023-04-30 00:00:00
;9317482;2021-12-17 00:00:00;2025-09-12 00:00:00
;9317482;2021-12-17 00:00:00;2026-11-30 00:00:00
;9317493;2021-12-14 00:00:00;2026-12-31 00:00:00
;9317493;2021-12-20 00:00:00;2022-12-20 00:00:00
;9317586;2021-09-06 00:00:00;2026-12-31 00:00:00
;9317586;2021-12-21 00:00:00;2022-12-21 00:00:00
;9317675;2021-10-26 00:00:00;2022-10-27 00:00:00
;9318436;2021-12-17 00:00:00;2023-06-30 00:00:00
;9318436;2021-12-17 00:00:00;2023-12-30 00:00:00
;9318699;2021-12-17 00:00:00;2023-06-30 00:00:00
;9318756;2021-11-23 00:00:00;2023-12-29 00:00:00
;9318756;2021-11-23 00:00:00;2024-12-30 00:00:00
;9318756;2021-11-23 00:00:00;2026-12-31 00:00:00
;9318759;2021-09-30 00:00:00;2023-12-30 00:00:00
;9318759;2021-09-30 00:00:00;2024-12-30 00:00:00
;9318759;2021-09-30 00:00:00;2026-12-31 00:00:00
;9319190;2021-12-29 00:00:00;2023-12-29 00:00:00
;9319190;2021-12-29 00:00:00;2025-09-29 00:00:00
;9319190;2021-12-29 00:00:00;2026-06-29 00:00:00
;9319191;2021-12-27 00:00:00;2023-06-30 00:00:00
;9319191;2021-12-27 00:00:00;2024-06-30 00:00:00
;9319439;2021-12-29 00:00:00;2023-05-29 00:00:00
;9321263;2021-12-30 00:00:00;2023-12-30 00:00:00
;9321263;2021-12-30 00:00:00;2024-06-30 00:00:00
;9321265;2021-12-28 00:00:00;2024-02-08 00:00:00
;9321265;2021-12-28 00:00:00;2024-12-31 00:00:00
;9321265;2021-12-28 00:00:00;2025-12-31 00:00:00
;9321265;2021-12-29 00:00:00;2022-12-29 00:00:00
;9322361;2021-12-24 00:00:00;2024-02-09 00:00:00
;9324187;2021-11-10 00:00:00;2024-07-10 00:00:00
;9324188;2021-11-19 00:00:00;2024-07-19 00:00:00
;9324189;2021-11-10 00:00:00;2024-07-10 00:00:00
;9324191;2021-12-24 00:00:00;2023-12-24 00:00:00
;9325287;2021-12-20 00:00:00;2024-09-20 00:00:00
;9325288;2021-12-20 00:00:00;2023-12-31 00:00:00
;9325288;2021-12-20 00:00:00;2024-06-30 00:00:00
;9325906;2021-11-23 00:00:00;2024-03-17 00:00:00
;9325906;2021-11-23 00:00:00;2024-12-31 00:00:00
;9325906;2021-11-25 00:00:00;2022-11-26 00:00:00
;9325944;2022-02-25 00:00:00;2030-01-01 00:00:00
;9325944;2022-03-15 00:00:00;2023-03-15 00:00:00
;9326076;2021-10-26 00:00:00;2024-03-17 00:00:00
;9326076;2021-10-26 00:00:00;2024-12-31 00:00:00
;9326076;2021-10-28 00:00:00;2022-11-29 00:00:00
;9326077;2021-11-12 00:00:00;2024-03-17 00:00:00
;9326077;2021-11-12 00:00:00;2024-12-31 00:00:00
;9326077;2021-11-17 00:00:00;2022-11-18 00:00:00
;9326078;2021-10-01 00:00:00;2024-03-17 00:00:00
;9326078;2021-10-01 00:00:00;2024-12-31 00:00:00
;9326078;2021-10-04 00:00:00;2022-10-01 00:00:00
;9326079;2021-09-27 00:00:00;2024-03-17 00:00:00
;9326079;2021-09-27 00:00:00;2024-12-31 00:00:00
;9326079;2021-09-27 00:00:00;2025-12-31 00:00:00
;9326079;2021-09-27 00:00:00;2026-12-31 00:00:00
;9326079;2021-10-04 00:00:00;2022-09-27 00:00:00
;9326080;2021-10-15 00:00:00;2024-03-17 00:00:00
;9326080;2021-10-15 00:00:00;2024-12-31 00:00:00
;9326080;2021-10-15 00:00:00;2025-12-31 00:00:00
;9326080;2021-10-15 00:00:00;2026-12-31 00:00:00
;9326080;2021-10-22 00:00:00;2022-10-22 00:00:00
;9326082;2021-11-05 00:00:00;2024-04-10 00:00:00
;9326082;2021-11-05 00:00:00;2024-12-31 00:00:00
;9326082;2021-11-08 00:00:00;2022-11-09 00:00:00
;9327367;2021-12-29 00:00:00;2023-12-29 00:00:00
;9327367;2022-01-12 00:00:00;2024-10-31 00:00:00
;9327367;2022-01-12 00:00:00;2025-07-31 00:00:00
;9327368;2021-12-15 00:00:00;2023-12-15 00:00:00
;9327369;2021-12-29 00:00:00;2023-12-29 00:00:00
;9327369;2021-12-29 00:00:00;2024-10-31 00:00:00
;9327369;2021-12-29 00:00:00;2025-07-31 00:00:00
;9327370;2021-12-22 00:00:00;2023-12-22 00:00:00
;9327370;2021-12-29 00:00:00;2024-09-30 00:00:00
;9327370;2021-12-29 00:00:00;2025-09-30 00:00:00
;9327447;2021-12-29 00:00:00;2023-12-29 00:00:00
;9327447;2021-12-29 00:00:00;2024-10-31 00:00:00
;9331994;2021-12-15 00:00:00;2023-12-15 00:00:00
;9331994;2021-12-29 00:00:00;2024-10-31 00:00:00
;9331994;2021-12-29 00:00:00;2025-07-31 00:00:00
;9337380;2022-02-18 00:00:00;2024-05-18 00:00:00
;9337380;2022-02-18 00:00:00;2026-12-31 00:00:00
;9337380;2022-05-18 00:00:00;2023-05-18 00:00:00
;9337382;2022-04-06 00:00:00;2024-05-18 00:00:00
;9337382;2022-04-06 00:00:00;2026-12-31 00:00:00
;9337382;2022-05-18 00:00:00;2023-05-18 00:00:00
;9340397;2022-03-04 00:00:00;2024-05-04 00:00:00
;9340397;2022-03-04 00:00:00;2026-12-31 00:00:00
;9340397;2022-05-31 00:00:00;2023-05-31 00:00:00
;9340398;2022-03-09 00:00:00;2024-05-04 00:00:00
;9340398;2022-03-09 00:00:00;2026-12-31 00:00:00
;9340398;2022-05-31 00:00:00;2023-05-31 00:00:00
;9340452;2021-12-14 00:00:00;2023-12-13 00:00:00
;9340589;2021-12-30 00:00:00;2024-08-30 00:00:00
;9341289;2021-12-28 00:00:00;2024-01-03 00:00:00
;9341289;2021-12-28 00:00:00;2025-12-30 00:00:00
;9341516;2021-12-28 00:00:00;2025-12-30 00:00:00
;9341516;2021-12-30 00:00:00;2024-01-03 00:00:00
;9342615;2022-04-12 00:00:00;2024-05-18 00:00:00
;9342615;2022-04-12 00:00:00;2024-12-31 00:00:00
;9342615;2022-04-13 00:00:00;2023-04-14 00:00:00
;9342645;2022-04-05 00:00:00;2024-05-18 00:00:00
;9342645;2022-04-05 00:00:00;2024-12-31 00:00:00
;9342645;2022-04-05 00:00:00;2025-12-31 00:00:00
;9342645;2022-04-06 00:00:00;2023-04-07 00:00:00
;9342915;2021-12-10 00:00:00;2024-08-10 00:00:00
;9342916;2022-03-18 00:00:00;2024-05-02 00:00:00
;9342916;2022-03-18 00:00:00;2026-12-31 00:00:00
;9342916;2022-07-04 00:00:00;2023-07-04 00:00:00
;9344029;2022-02-12 00:00:00;2024-05-18 00:00:00
;9344029;2022-02-12 00:00:00;2024-12-31 00:00:00
;9344029;2022-04-13 00:00:00;2023-04-14 00:00:00
;9344030;2022-04-05 00:00:00;2024-05-11 00:00:00
;9344030;2022-04-05 00:00:00;2024-12-31 00:00:00
;9344030;2022-04-05 00:00:00;2025-12-31 00:00:00
;9344030;2022-04-06 00:00:00;2023-04-07 00:00:00
;9344032;2022-06-13 00:00:00;2024-12-31 00:00:00
;9344032;2022-06-14 00:00:00;2023-06-15 00:00:00
;9344036;2021-12-30 00:00:00;2024-09-30 00:00:00
;9344048;2022-02-17 00:00:00;2024-05-04 00:00:00
;9344048;2022-02-17 00:00:00;2026-12-31 00:00:00
;9344048;2022-07-08 00:00:00;2023-07-08 00:00:00
;9344051;2022-03-08 00:00:00;2024-12-31 00:00:00
;9344051;2022-03-08 00:00:00;2026-12-31 00:00:00
;9344051;2022-07-08 00:00:00;2023-07-08 00:00:00
;9344062;2022-06-22 00:00:00;2023-06-22 00:00:00
;9344062;2022-06-23 00:00:00;2024-12-31 00:00:00
;9344110;2022-03-08 00:00:00;2024-07-13 00:00:00
;9344110;2022-03-08 00:00:00;2026-12-31 00:00:00
;9344110;2022-07-13 00:00:00;2023-07-13 00:00:00
;9344115;2022-06-24 00:00:00;2024-06-24 00:00:00
;9344115;2022-06-24 00:00:00;2025-08-26 00:00:00
;9344187;2022-06-30 00:00:00;2023-06-30 00:00:00
;9344187;2022-06-30 00:00:00;2024-12-31 00:00:00
;9344189;2022-06-07 00:00:00;2024-02-07 00:00:00
;9344201;2022-06-14 00:00:00;2024-02-08 00:00:00
;9344201;2022-06-14 00:00:00;2024-12-31 00:00:00
;9344201;2022-06-14 00:00:00;2025-12-31 00:00:00
;9344201;2022-06-14 00:00:00;2026-12-31 00:00:00
;9344201;2022-06-15 00:00:00;2023-06-15 00:00:00
;9344203;2022-02-17 00:00:00;2024-12-31 00:00:00
;9344203;2022-02-17 00:00:00;2026-12-31 00:00:00
;9344203;2022-07-19 00:00:00;2023-07-19 00:00:00
;9344620;2021-05-12 00:00:00;2024-07-27 00:00:00
;9344620;2021-05-12 00:00:00;2026-12-31 00:00:00
;9344620;2022-07-27 00:00:00;2023-07-27 00:00:00
;9344730;2022-08-02 00:00:00;2023-08-02 00:00:00
;9344732;2022-02-18 00:00:00;2024-12-31 00:00:00
;9344732;2022-02-18 00:00:00;2026-12-31 00:00:00
;9344732;2022-08-02 00:00:00;2023-08-02 00:00:00
;9344733;2022-03-03 00:00:00;2024-12-31 00:00:00
;9344733;2022-03-03 00:00:00;2026-12-31 00:00:00
;9344733;2022-08-02 00:00:00;2023-08-02 00:00:00
;9344842;2022-02-18 00:00:00;2024-12-31 00:00:00
;9344842;2022-02-18 00:00:00;2026-12-31 00:00:00
;9344842;2022-08-05 00:00:00;2023-08-05 00:00:00
;9345109;2022-02-18 00:00:00;2026-12-31 00:00:00
;9345109;2022-08-18 00:00:00;2023-08-18 00:00:00
;9345117;2022-02-17 00:00:00;2026-12-31 00:00:00
;9345117;2022-08-18 00:00:00;2023-08-18 00:00:00
;9345152;2022-05-03 00:00:00;2026-12-31 00:00:00
;9345152;2022-08-19 00:00:00;2023-08-19 00:00:00
;9345154;2022-03-30 00:00:00;2026-12-31 00:00:00
;9345154;2022-08-19 00:00:00;2023-08-19 00:00:00
;9345424;2022-03-18 00:00:00;2026-12-31 00:00:00
;9345424;2022-08-26 00:00:00;2023-08-26 00:00:00
;9345426;2022-03-08 00:00:00;2023-12-02 00:00:00
;9345426;2022-03-08 00:00:00;2026-12-31 00:00:00
;9345429;2022-02-17 00:00:00;2024-08-26 00:00:00
;9345429;2022-02-17 00:00:00;2026-12-31 00:00:00
;9345429;2022-08-26 00:00:00;2023-08-26 00:00:00
;9345567;2022-04-05 00:00:00;2026-12-31 00:00:00
;9345567;2022-09-02 00:00:00;2023-09-02 00:00:00
;9345607;2022-03-07 00:00:00;2026-12-31 00:00:00
;9345607;2022-09-06 00:00:00;2023-09-06 00:00:00
;9345820;2022-08-30 00:00:00;2024-08-30 00:00:00
;9345820;2022-08-30 00:00:00;2024-12-31 00:00:00
;9346108;2022-05-17 00:00:00;2026-12-31 00:00:00
;9346108;2022-09-22 00:00:00;2023-09-22 00:00:00
;9346588;2022-04-06 00:00:00;2024-10-17 00:00:00
;9346588;2022-04-06 00:00:00;2026-12-31 00:00:00
;9346588;2022-10-17 00:00:00;2023-10-17 00:00:00
;9346727;2022-09-29 00:00:00;2023-12-31 00:00:00
;9346727;2022-09-29 00:00:00;2025-01-10 00:00:00
;9346727;2022-09-29 00:00:00;2025-06-10 00:00:00
;9348842;2022-02-18 00:00:00;2026-12-31 00:00:00
;9348842;2022-10-28 00:00:00;2023-10-28 00:00:00
;9349512;2022-08-31 00:00:00;2024-08-31 00:00:00
;9349512;2022-08-31 00:00:00;2025-08-31 00:00:00
;9349516;2022-10-31 00:00:00;2024-05-31 00:00:00
;9350465;2022-03-10 00:00:00;2026-12-31 00:00:00
;9350465;2022-11-08 00:00:00;2023-11-08 00:00:00
;9358633;2022-05-03 00:00:00;2024-11-17 00:00:00
;9358633;2022-05-03 00:00:00;2026-12-31 00:00:00
;9358633;2022-11-17 00:00:00;2023-11-17 00:00:00
;9359872;2022-10-31 00:00:00;2024-05-31 00:00:00
;9359872;2022-10-31 00:00:00;2025-05-21 00:00:00
;9359872;2022-10-31 00:00:00;2027-04-30 00:00:00
;9362450;2022-10-31 00:00:00;2024-03-01 00:00:00
;9362450;2022-10-31 00:00:00;2024-12-01 00:00:00
;9363607;2022-10-31 00:00:00;2024-07-31 00:00:00
;9368834;2022-10-31 00:00:00;2024-07-31 00:00:00
;9368834;2022-10-31 00:00:00;2025-08-31 00:00:00
;9369087;2022-02-17 00:00:00;2024-12-08 00:00:00
;9369087;2022-02-17 00:00:00;2026-12-31 00:00:00
;9369087;2022-12-07 00:00:00;2023-12-07 00:00:00
;9369089;2022-03-08 00:00:00;2024-12-08 00:00:00
;9369089;2022-03-08 00:00:00;2026-12-31 00:00:00
;9369089;2022-12-07 00:00:00;2023-12-07 00:00:00
;9369147;2022-02-24 00:00:00;2026-12-31 00:00:00
;9369147;2022-12-12 00:00:00;2023-12-12 00:00:00
;9369427;2022-05-03 00:00:00;2026-12-31 00:00:00
;9369427;2022-12-14 00:00:00;2023-12-14 00:00:00
;9369428;2022-02-18 00:00:00;2026-12-31 00:00:00
;9369428;2022-12-14 00:00:00;2023-12-14 00:00:00
;9369700;2022-12-06 00:00:00;2024-12-19 00:00:00
;9369700;2022-12-06 00:00:00;2026-12-31 00:00:00
;9369700;2022-12-19 00:00:00;2023-12-19 00:00:00
;9369701;2022-11-22 00:00:00;2026-12-31 00:00:00
;9369701;2022-12-19 00:00:00;2023-12-19 00:00:00
;9370612;2022-03-08 00:00:00;2023-12-20 00:00:00
;9370612;2022-03-08 00:00:00;2026-12-31 00:00:00
;9370613;2022-02-24 00:00:00;2026-12-31 00:00:00
;9370613;2022-12-20 00:00:00;2023-12-20 00:00:00
;9370628;2022-10-14 00:00:00;2025-10-14 00:00:00
;9370631;2022-10-30 00:00:00;2025-10-30 00:00:00
;9372104;2022-02-03 00:00:00;2023-02-03 00:00:00
;9372104;2022-12-14 00:00:00;2026-12-31 00:00:00
;9372385;2022-12-20 00:00:00;2023-12-31 00:00:00
;9372385;2022-12-20 00:00:00;2024-11-30 00:00:00
;9372385;2022-12-20 00:00:00;2026-05-30 00:00:00
;9372385;2022-12-20 00:00:00;2026-12-30 00:00:00
;9376493;2022-03-06 00:00:00;2023-03-06 00:00:00
;9376493;2022-12-01 00:00:00;2026-12-31 00:00:00
;9376674;2022-06-29 00:00:00;2024-06-29 00:00:00
;9376674;2022-06-29 00:00:00;2025-06-29 00:00:00
;9376674;2022-06-29 00:00:00;2026-06-29 00:00:00
;9376674;2022-06-29 00:00:00;2027-06-29 00:00:00
;9385998;2023-03-14 00:00:00;2026-12-31 00:00:00
;9385998;2023-05-09 00:00:00;2024-05-09 00:00:00
;9386254;2023-05-16 00:00:00;2024-05-16 00:00:00
;9388834;2023-06-06 00:00:00;2024-06-06 00:00:00
;9389384;2022-09-29 00:00:00;2024-06-23 00:00:00
;9389384;2022-09-29 00:00:00;2025-12-31 00:00:00
;9389384;2022-09-29 00:00:00;2026-12-31 00:00:00
;9389606;2023-05-25 00:00:00;2026-12-31 00:00:00
;9389606;2023-06-29 00:00:00;2024-06-29 00:00:00
;9389641;2023-05-29 00:00:00;2026-12-31 00:00:00
;9389641;2023-06-30 00:00:00;2024-06-30 00:00:00
;9389737;2023-05-25 00:00:00;2026-12-31 00:00:00
;9389737;2023-07-06 00:00:00;2024-07-06 00:00:00
;9389738;2023-04-12 00:00:00;2026-12-31 00:00:00
;9389738;2023-07-06 00:00:00;2024-07-06 00:00:00
;9389739;2023-03-11 00:00:00;2026-12-31 00:00:00
;9389739;2023-07-06 00:00:00;2024-07-06 00:00:00
;9389741;2023-05-23 00:00:00;2026-12-31 00:00:00
;9389741;2023-07-06 00:00:00;2024-07-06 00:00:00
;9389742;2023-04-12 00:00:00;2026-12-31 00:00:00
;9389742;2023-07-06 00:00:00;2024-07-06 00:00:00
;9389743;2023-05-23 00:00:00;2026-12-31 00:00:00
;9389743;2023-07-06 00:00:00;2024-07-06 00:00:00
;9389744;2023-05-23 00:00:00;2026-12-31 00:00:00
;9389744;2023-07-06 00:00:00;2024-07-06 00:00:00
;9389746;2023-04-17 00:00:00;2026-12-31 00:00:00
;9389746;2023-07-06 00:00:00;2024-07-06 00:00:00
;9389768;2023-05-25 00:00:00;2026-12-31 00:00:00
;9389768;2023-07-07 00:00:00;2024-07-07 00:00:00
;9390034;2023-02-27 00:00:00;2026-12-31 00:00:00
;9390034;2023-07-12 00:00:00;2024-07-12 00:00:00
;9390036;2023-03-11 00:00:00;2026-12-31 00:00:00
;9390036;2023-07-12 00:00:00;2024-07-12 00:00:00
;9390037;2023-03-29 00:00:00;2026-12-31 00:00:00
;9390037;2023-07-12 00:00:00;2024-07-12 00:00:00
;9390040;2023-03-23 00:00:00;2026-12-31 00:00:00
;9390040;2023-07-12 00:00:00;2024-07-12 00:00:00
;9390042;2023-05-25 00:00:00;2026-12-31 00:00:00
;9390042;2023-07-12 00:00:00;2024-07-12 00:00:00
;9390044;2023-05-25 00:00:00;2026-12-31 00:00:00
;9390044;2023-07-12 00:00:00;2024-07-12 00:00:00
;9390047;2023-05-16 00:00:00;2026-12-31 00:00:00
;9390047;2023-07-12 00:00:00;2024-07-12 00:00:00
;9390212;2023-03-22 00:00:00;2026-12-31 00:00:00
;9390212;2023-07-18 00:00:00;2024-07-18 00:00:00
;9390580;2023-05-25 00:00:00;2025-12-31 00:00:00
;9390580;2023-05-26 00:00:00;2024-07-19 00:00:00
;9390583;2023-05-19 00:00:00;2024-12-31 00:00:00
;9390583;2023-05-19 00:00:00;2025-12-31 00:00:00
;9390583;2023-05-19 00:00:00;2026-12-31 00:00:00
;9390583;2023-05-22 00:00:00;2024-07-20 00:00:00
;9390584;2022-11-16 00:00:00;2025-12-31 00:00:00
;9390584;2022-12-13 00:00:00;2024-07-26 00:00:00
;9390705;2023-07-05 00:00:00;2026-12-31 00:00:00
;9390705;2023-08-01 00:00:00;2024-08-01 00:00:00
;9393563;2023-08-21 00:00:00;2026-12-31 00:00:00
;9393563;2023-09-11 00:00:00;2024-09-11 00:00:00
;9394422;2023-07-05 00:00:00;2026-12-31 00:00:00
;9394422;2023-09-21 00:00:00;2024-09-21 00:00:00
;9394425;2023-02-27 00:00:00;2026-12-31 00:00:00
;9394425;2023-09-21 00:00:00;2024-09-21 00:00:00
;9396374;2023-05-02 00:00:00;2024-10-05 00:00:00
;9396374;2023-05-02 00:00:00;2026-12-31 00:00:00
;9396374;2023-10-05 00:00:00;2024-10-05 00:00:00
;9396940;2023-07-26 00:00:00;2025-12-31 00:00:00
;9396940;2023-07-27 00:00:00;2024-09-27 00:00:00
;9397805;2023-07-27 00:00:00;2025-12-31 00:00:00
;9397805;2023-07-27 00:00:00;2026-12-31 00:00:00
;9397805;2023-10-20 00:00:00;2024-10-21 00:00:00
;9397806;2023-06-20 00:00:00;2024-09-26 00:00:00
;9397806;2023-06-20 00:00:00;2025-12-31 00:00:00
;9398857;2023-06-30 00:00:00;2025-12-31 00:00:00
;9398857;2023-10-19 00:00:00;2024-10-20 00:00:00
;9398945;2023-08-18 00:00:00;2025-12-31 00:00:00
;9398945;2023-10-20 00:00:00;2024-10-21 00:00:00
;9400066;2023-10-31 00:00:00;2025-06-30 00:00:00
;9400066;2023-10-31 00:00:00;2027-02-28 00:00:00
;9400067;2023-10-31 00:00:00;2025-06-30 00:00:00
;9400067;2023-10-31 00:00:00;2026-04-30 00:00:00
;9400067;2023-10-31 00:00:00;2027-02-20 00:00:00
;9401387;2023-10-31 00:00:00;2025-03-31 00:00:00
;9401387;2023-10-31 00:00:00;2025-11-07 00:00:00
;9401388;2023-10-31 00:00:00;2025-04-30 00:00:00
;9401388;2023-10-31 00:00:00;2026-11-30 00:00:00
;9402004;2023-06-30 00:00:00;2025-12-31 00:00:00
;9402004;2023-11-23 00:00:00;2024-11-24 00:00:00
;9402578;2023-09-18 00:00:00;2024-11-24 00:00:00
;9402578;2023-09-18 00:00:00;2025-12-31 00:00:00
;9402636;2023-11-23 00:00:00;2024-11-24 00:00:00
;9404003;2023-10-31 00:00:00;2024-12-31 00:00:00
;9404003;2023-10-31 00:00:00;2025-02-14 00:00:00
;9404003;2023-10-31 00:00:00;2025-07-10 00:00:00
;9404005;2023-10-31 00:00:00;2024-12-31 00:00:00
;9404005;2023-10-31 00:00:00;2026-08-08 00:00:00
;9404005;2023-10-31 00:00:00;2026-11-14 00:00:00
;9405821;2023-10-23 00:00:00;2025-12-31 00:00:00
;9405821;2023-12-12 00:00:00;2024-12-12 00:00:00
;9405831;2023-06-30 00:00:00;2025-12-31 00:00:00
;9405831;2023-12-11 00:00:00;2024-12-12 00:00:00
;9406386;2023-12-21 00:00:00;2024-12-21 00:00:00
;9406387;2023-12-21 00:00:00;2024-12-21 00:00:00
;9406388;2023-12-21 00:00:00;2024-12-21 00:00:00
;9406391;2023-12-21 00:00:00;2024-12-21 00:00:00
;9406393;2023-12-21 00:00:00;2024-12-21 00:00:00
;9406395;2023-12-21 00:00:00;2024-12-21 00:00:00
;9406398;2023-12-21 00:00:00;2024-12-21 00:00:00
;9406399;2023-12-21 00:00:00;2024-12-21 00:00:00
;9407910;2023-05-30 00:00:00;2026-12-31 00:00:00
;9407910;2023-12-27 00:00:00;2024-12-27 00:00:00
;9407911;2023-03-29 00:00:00;2026-12-31 00:00:00
;9407911;2023-12-27 00:00:00;2024-12-27 00:00:00
;9407914;2023-11-17 00:00:00;2026-12-31 00:00:00
;9407914;2023-11-17 00:00:00;2028-01-01 00:00:00
;9407914;2023-12-27 00:00:00;2024-12-27 00:00:00
;9407919;2023-05-30 00:00:00;2026-12-31 00:00:00
;9407919;2023-12-27 00:00:00;2024-12-27 00:00:00
;9408776;2023-12-21 00:00:00;2025-06-13 00:00:00
;9408776;2023-12-21 00:00:00;2026-09-22 00:00:00
;9409727;2023-12-29 00:00:00;2025-12-29 00:00:00
;9409727;2023-12-29 00:00:00;2027-04-07 00:00:00
;9409729;2023-12-29 00:00:00;2025-12-29 00:00:00
;9409729;2023-12-29 00:00:00;2027-04-07 00:00:00
;9409731;2023-12-29 00:00:00;2025-12-29 00:00:00
;9409731;2023-12-29 00:00:00;2027-04-07 00:00:00
;9409756;2023-11-30 00:00:00;2024-11-30 00:00:00
;9409756;2023-11-30 00:00:00;2026-04-04 00:00:00
;9409756;2023-11-30 00:00:00;2026-08-04 00:00:00
;9410110;2023-12-27 00:00:00;2025-12-27 00:00:00
;9411184;2023-05-30 00:00:00;2026-12-31 00:00:00
;9411220;2023-05-30 00:00:00;2026-12-31 00:00:00
;9428257;2023-12-28 00:00:00;2025-12-28 00:00:00
;9428342;2023-05-30 00:00:00;2026-12-31 00:00:00
;9440827;2024-08-29 00:00:00;2026-08-29 00:00:00
;9440827;2024-08-29 00:00:00;2027-08-29 00:00:00
;9445569;2024-12-02 00:00:00;2027-12-31 00:00:00
;9445599;2024-12-03 00:00:00;2027-12-31 00:00:00
;9445601;2024-12-03 00:00:00;2027-12-31 00:00:00
;9445603;2024-12-03 00:00:00;2027-12-31 00:00:00
;9445606;2024-12-03 00:00:00;2027-12-31 00:00:00
;9445611;2024-12-03 00:00:00;2027-06-03 00:00:00
;9445613;2024-12-03 00:00:00;2027-06-03 00:00:00
;9445614;2024-12-03 00:00:00;2027-06-03 00:00:00
;9445616;2024-12-03 00:00:00;2027-06-03 00:00:00
;9445617;2024-12-03 00:00:00;2027-06-03 00:00:00
;9445620;2024-12-03 00:00:00;2027-06-03 00:00:00
;9445621;2024-12-03 00:00:00;2027-06-03 00:00:00
;9445622;2024-12-03 00:00:00;2027-06-03 00:00:00
;9445624;2024-12-03 00:00:00;2027-06-03 00:00:00
;9445625;2024-12-03 00:00:00;2027-06-03 00:00:00
;9445626;2024-12-03 00:00:00;2027-06-03 00:00:00
;9445633;2024-12-04 00:00:00;2028-06-03 00:00:00
;9445636;2024-12-04 00:00:00;2027-06-03 00:00:00
;9445639;2024-12-04 00:00:00;2027-06-03 00:00:00
;9445641;2024-12-04 00:00:00;2027-06-03 00:00:00
;9445644;2024-12-04 00:00:00;2028-06-03 00:00:00
;9445646;2024-12-04 00:00:00;2028-06-03 00:00:00
;9445723;2024-12-06 00:00:00;2027-06-03 00:00:00
;9445724;2024-12-06 00:00:00;2027-06-03 00:00:00
;9445726;2024-12-06 00:00:00;2027-06-03 00:00:00
;9445730;2024-12-06 00:00:00;2027-06-03 00:00:00
;9445733;2024-12-06 00:00:00;2027-06-03 00:00:00
;9445734;2024-12-06 00:00:00;2027-06-03 00:00:00
;9445735;2024-12-06 00:00:00;2027-06-03 00:00:00
;9445736;2024-12-06 00:00:00;2027-06-03 00:00:00
;9445737;2024-12-06 00:00:00;2027-06-03 00:00:00
;9445738;2024-12-06 00:00:00;2027-06-03 00:00:00
;9445739;2024-12-06 00:00:00;2027-06-03 00:00:00
;9445748;2024-12-09 00:00:00;2027-06-03 00:00:00
;9445996;2024-12-13 00:00:00;2027-06-03 00:00:00
;9447104;2024-07-04 00:00:00;2027-06-03 00:00:00
;9447323;2024-12-10 00:00:00;2027-12-10 00:00:00
;9447476;2024-05-09 00:00:00;2028-12-31 00:00:00
;9447498;2024-12-16 00:00:00;2027-12-31 00:00:00
;9447499;2024-12-18 00:00:00;2027-06-03 00:00:00
;9447502;2024-12-18 00:00:00;2028-06-03 00:00:00
;9447747;2024-12-30 00:00:00;2026-05-29 00:00:00
;9447765;2024-12-20 00:00:00;2026-12-31 00:00:00
;9447766;2024-12-30 00:00:00;2026-08-30 00:00:00
;9447766;2024-12-30 00:00:00;2027-06-30 00:00:00
;9447767;2024-12-16 00:00:00;2026-12-16 00:00:00
;9447803;2024-12-27 00:00:00;2026-06-17 00:00:00
;9447803;2024-12-27 00:00:00;2026-11-17 00:00:00
;9447912;2024-12-31 00:00:00;2027-12-31 00:00:00
;9451351;2024-12-27 00:00:00;2026-06-30 00:00:00
;9451351;2024-12-27 00:00:00;2027-06-30 00:00:00
;9451356;2024-12-30 00:00:00;2027-06-30 00:00:00
;9452501;2024-04-29 00:00:00;2026-12-31 00:00:00
;9452501;2024-04-30 00:00:00;2025-12-31 00:00:00
;9453527;2024-12-27 00:00:00;2027-12-31 00:00:00
;9454472;2024-04-29 00:00:00;2025-12-31 00:00:00
;9454473;2024-04-29 00:00:00;2025-12-31 00:00:00
;9454474;2024-04-29 00:00:00;2025-12-31 00:00:00
;9454475;2024-04-29 00:00:00;2025-12-31 00:00:00
;9456282;2024-04-29 00:00:00;2025-12-31 00:00:00
;9456476;2024-12-30 00:00:00;2027-12-30 00:00:00
;9456607;2024-04-19 00:00:00;2025-12-31 00:00:00
;9456608;2024-04-19 00:00:00;2025-12-31 00:00:00
;9456609;2024-04-19 00:00:00;2025-12-31 00:00:00
;9456610;2024-04-19 00:00:00;2025-12-31 00:00:00
;9456613;2024-04-29 00:00:00;2025-12-31 00:00:00
;9456615;2024-04-19 00:00:00;2025-12-31 00:00:00
;9456615;2024-04-19 00:00:00;2026-12-31 00:00:00
;9456617;2024-04-29 00:00:00;2025-12-31 00:00:00
;9456619;2024-04-19 00:00:00;2025-12-31 00:00:00
;9456620;2024-04-19 00:00:00;2025-12-31 00:00:00
;9456623;2024-04-19 00:00:00;2025-12-31 00:00:00
;9460025;2024-04-29 00:00:00;2025-12-31 00:00:00
;9460026;2024-04-29 00:00:00;2025-12-31 00:00:00
;9460028;2024-04-29 00:00:00;2025-12-31 00:00:00
;9460029;2024-04-29 00:00:00;2025-12-31 00:00:00
;9460030;2024-04-29 00:00:00;2025-12-31 00:00:00
;9460031;2024-04-29 00:00:00;2025-12-31 00:00:00
;9468435;2024-12-23 00:00:00;2027-12-23 00:00:00
;9478930;2025-09-08 00:00:00;2027-09-08 00:00:00
;9479195;2025-09-09 00:00:00;2027-09-09 00:00:00
;9480383;2025-08-22 00:00:00;2029-01-01 00:00:00
;9480534;2025-08-22 00:00:00;2029-01-01 00:00:00
;9480535;2025-08-22 00:00:00;2029-01-01 00:00:00
;9480797;2025-09-12 00:00:00;2029-01-01 00:00:00
;9480812;2025-08-20 00:00:00;2029-01-01 00:00:00
;9480816;2025-09-12 00:00:00;2029-01-01 00:00:00
;9480818;2025-08-27 00:00:00;2026-01-01 00:00:00
;9480818;2025-08-27 00:00:00;2029-01-01 00:00:00
;9480819;2025-08-27 00:00:00;2026-01-01 00:00:00
;9480819;2025-08-27 00:00:00;2029-01-01 00:00:00
;9480820;2025-09-02 00:00:00;2029-01-01 00:00:00
;9480821;2025-08-26 00:00:00;2029-01-01 00:00:00
;9480863;2025-09-30 00:00:00;2029-01-01 00:00:00
;9480864;2025-10-02 00:00:00;2029-01-01 00:00:00
;9480867;2025-08-21 00:00:00;2029-01-01 00:00:00
;9480868;2025-08-25 00:00:00;2029-01-01 00:00:00
;9480869;2025-08-27 00:00:00;2029-01-01 00:00:00
;9480920;2025-08-21 00:00:00;2029-01-01 00:00:00
;9480921;2025-08-26 00:00:00;2029-01-01 00:00:00
;9480925;2025-08-26 00:00:00;2029-01-01 00:00:00
;9480943;2025-08-27 00:00:00;2029-01-01 00:00:00
;9480947;2025-09-27 00:00:00;2029-01-01 00:00:00
;9480956;2025-08-20 00:00:00;2029-01-01 00:00:00
;9480958;2025-08-27 00:00:00;2029-01-01 00:00:00
;9480987;2025-08-27 00:00:00;2029-01-01 00:00:00
;9480999;2025-08-27 00:00:00;2029-01-01 00:00:00
;9481011;2025-09-12 00:00:00;2029-01-01 00:00:00
;9481025;2025-09-12 00:00:00;2029-01-01 00:00:00
;9481045;2025-09-16 00:00:00;2029-01-01 00:00:00
;9481074;2025-09-15 00:00:00;2029-01-01 00:00:00
;9481077;2025-08-23 00:00:00;2029-01-01 00:00:00
;9481081;2025-08-25 00:00:00;2029-01-01 00:00:00
;9481099;2025-09-12 00:00:00;2029-01-01 00:00:00
;9481106;2025-09-25 00:00:00;2029-01-01 00:00:00
;9481109;2025-09-28 00:00:00;2029-01-01 00:00:00
;9481155;2025-08-25 00:00:00;2029-01-01 00:00:00
;9481157;2025-08-25 00:00:00;2029-01-01 00:00:00
;9481188;2025-08-25 00:00:00;2029-01-01 00:00:00
;9481203;2025-08-25 00:00:00;2029-01-01 00:00:00
;9481207;2025-08-26 00:00:00;2029-01-01 00:00:00
;9481212;2025-08-21 00:00:00;2029-01-01 00:00:00
;9481254;2025-08-25 00:00:00;2029-01-01 00:00:00
;9481255;2025-08-21 00:00:00;2029-01-01 00:00:00
;9481256;2025-08-21 00:00:00;2029-01-01 00:00:00
;9481257;2025-08-21 00:00:00;2029-01-01 00:00:00
;9481296;2025-09-29 00:00:00;2029-01-01 00:00:00
;9481368;2025-08-15 00:00:00;2029-01-01 00:00:00
;9481452;2025-08-25 00:00:00;2029-01-01 00:00:00
;9485429;2025-11-19 00:00:00;2029-01-01 00:00:00
;9488829;2023-12-15 00:00:00;2026-12-14 00:00:00
;9490290;2025-11-12 00:00:00;2029-01-01 00:00:00
;9490297;2025-11-14 00:00:00;2029-01-01 00:00:00
;9490675;2025-11-12 00:00:00;2029-01-01 00:00:00
;9490681;2025-11-12 00:00:00;2029-01-01 00:00:00
;9490736;2025-11-14 00:00:00;2029-01-01 00:00:00
;9490938;2025-11-14 00:00:00;2029-01-01 00:00:00
;9491792;2025-08-25 00:00:00;2029-01-01 00:00:00
;9493233;2025-12-24 00:00:00;2026-12-24 00:00:00
;9493545;2025-12-31 00:00:00;2027-12-30 00:00:00
;9493546;2025-12-19 00:00:00;2028-12-19 00:00:00
;9493593;2023-12-27 00:00:00;2027-12-31 00:00:00
;9493597;2025-12-22 00:00:00;2027-04-30 00:00:00
;9493598;2025-12-24 00:00:00;2027-12-24 00:00:00
;9493599;2025-12-23 00:00:00;2027-12-23 00:00:00
;9494589;2025-12-30 00:00:00;2027-06-23 00:00:00
;9494591;2025-12-29 00:00:00;2028-12-29 00:00:00
;9494592;2025-12-19 00:00:00;2028-12-19 00:00:00
;9501837;2025-12-22 00:00:00;2028-12-21 00:00:00
;9502684;2025-11-27 00:00:00;2027-11-27 00:00:00
;9502685;2025-12-29 00:00:00;2027-12-29 00:00:00
;9505015;2024-12-13 00:00:00;2027-12-13 00:00:00
;9509801;2026-04-15 00:00:00;2028-04-15 00:00:00
;9511190;2026-04-02 00:00:00;2027-12-31 00:00:00
;9511662;2026-04-17 00:00:00;2030-01-01 00:00:00
;9511883;2026-04-15 00:00:00;2030-01-01 00:00:00
;9511884;2026-04-22 00:00:00;2030-01-01 00:00:00
;9511885;2026-04-21 00:00:00;2030-01-01 00:00:00
;9511886;2026-04-21 00:00:00;2030-01-01 00:00:00
;9511887;2026-04-21 00:00:00;2030-01-01 00:00:00
;9511888;2026-04-17 00:00:00;2030-01-01 00:00:00
;9511889;2026-04-21 00:00:00;2030-01-01 00:00:00
;9511890;2026-04-22 00:00:00;2030-01-01 00:00:00
;9511891;2026-04-21 00:00:00;2030-01-01 00:00:00
;9511892;2026-04-21 00:00:00;2030-01-01 00:00:00
;9511893;2026-04-22 00:00:00;2030-01-01 00:00:00
;9511894;2026-04-21 00:00:00;2030-01-01 00:00:00
;9511896;2026-04-21 00:00:00;2030-01-01 00:00:00
;9511897;2026-04-21 00:00:00;2030-01-01 00:00:00
;9511921;2026-04-17 00:00:00;2030-01-01 00:00:00
;9511922;2026-04-17 00:00:00;2030-01-01 00:00:00
;9511924;2026-04-21 00:00:00;2030-01-01 00:00:00
;9512004;2026-04-17 00:00:00;2030-01-01 00:00:00
;9512005;2026-02-25 00:00:00;2030-01-01 00:00:00
;9512010;2026-04-25 00:00:00;2030-01-01 00:00:00
;9512016;2026-04-25 00:00:00;2030-01-01 00:00:00
;9512021;2026-04-25 00:00:00;2030-01-01 00:00:00
;9512022;2026-04-23 00:00:00;2030-01-01 00:00:00
;9512023;2026-04-23 00:00:00;2030-01-01 00:00:00
;9512024;2026-04-23 00:00:00;2030-01-01 00:00:00
;9512335;2026-04-22 00:00:00;2030-01-01 00:00:00
;9512343;2026-04-23 00:00:00;2030-01-01 00:00:00
;9512349;2026-04-23 00:00:00;2030-01-01 00:00:00
;9512353;2026-04-25 00:00:00;2030-01-01 00:00:00
;9512358;2026-04-25 00:00:00;2030-01-01 00:00:00
;9512362;2026-04-23 00:00:00;2030-01-01 00:00:00
;9512396;2026-04-21 00:00:00;2030-01-01 00:00:00
;9512455;2026-04-21 00:00:00;2030-01-01 00:00:00
;9512466;2026-04-21 00:00:00;2030-01-01 00:00:00
;9512481;2026-04-24 00:00:00;2030-01-01 00:00:00
;9517418;2026-04-30 00:00:00;2030-01-01 00:00:00
;9517421;2026-05-11 00:00:00;2030-01-01 00:00:00
;9517422;2026-04-30 00:00:00;2030-01-01 00:00:00
;9517423;2026-04-30 00:00:00;2030-01-01 00:00:00
;9517425;2026-04-30 00:00:00;2030-01-01 00:00:00
;9517433;2026-04-30 00:00:00;2030-01-01 00:00:00
;9517436;2026-04-29 00:00:00;2026-04-29 00:00:00
;9517441;2026-04-30 00:00:00;2030-01-01 00:00:00
;9517444;2026-04-30 00:00:00;2030-01-01 00:00:00
;9517450;2026-04-29 00:00:00;2030-01-01 00:00:00
;9517451;2026-04-30 00:00:00;2030-01-01 00:00:00
;9517453;2026-04-30 00:00:00;2030-01-01 00:00:00
;9517456;2026-04-29 00:00:00;2030-01-01 00:00:00
;9517468;2026-04-30 00:00:00;2030-01-01 00:00:00
;9517470;2026-04-29 00:00:00;2030-01-01 00:00:00
;9517478;2026-04-30 00:00:00;2030-01-01 00:00:00
;9517764;2026-05-15 00:00:00;2030-01-01 00:00:00
;9517774;2026-04-29 00:00:00;2030-01-01 00:00:00
;9517778;2026-04-30 00:00:00;2030-01-01 00:00:00
;9518366;2026-05-04 00:00:00;2030-01-01 00:00:00
;9518369;2026-04-29 00:00:00;2030-01-01 00:00:00
;9518375;2026-05-04 00:00:00;2030-01-01 00:00:00
;9518379;2026-04-29 00:00:00;2030-01-01 00:00:00
;9518769;2026-04-29 00:00:00;2030-01-01 00:00:00
;9519085;2026-07-03 00:00:00;2028-07-03 00:00:00
;9519427;2026-04-27 00:00:00;2030-01-01 00:00:00
;9521179;2026-08-28 00:00:00;2044-12-06 00:00:00
;9521180;2026-09-08 00:00:00;2036-11-12 00:00:00
;9521183;2026-07-03 00:00:00;2028-07-03 00:00:00
;9521184;2026-06-08 00:00:00;2027-12-31 00:00:00
;9521190;2026-08-06 00:00:00;2029-12-31 00:00:00
;9521193;2026-08-06 00:00:00;2029-12-31 00:00:00
;9521195;2026-08-29 00:00:00;2027-12-31 00:00:00
;9521429;2026-09-08 00:00:00;2036-11-12 00:00:00
;9521432;2026-08-19 00:00:00;2031-08-19 00:00:00
;9521496;2026-09-03 00:00:00;2027-09-03 00:00:00
;9521569;2026-08-24 00:00:00;2028-12-31 00:00:00
;9521570;2026-08-28 00:00:00;2028-12-31 00:00:00
;9521571;2026-08-24 00:00:00;2028-12-31 00:00:00
